{"cameraMode":{"drawMode":0,"name":"Shaded","section":"Shading Mode"},"sceneLighting":true,"audioPlay":false,"sceneViewState":{"showFog":true,"showMaterialUpdate":false,"showSkybox":true,"showFlares":true,"showImageEffects":true,"showParticleSystems":true},"in2DMode":false,"pivot":{"x":-2.7570652961730959,"y":0.9881314039230347,"z":2.832054615020752},"rotation":{"x":0.6416558623313904,"y":0.04936477541923523,"z":-0.041443999856710437,"w":0.7642818689346314},"size":3.9073946475982668,"orthographic":false}