{"cameraMode":{"drawMode":0,"name":"Shaded","section":"Shading Mode"},"sceneLighting":true,"audioPlay":false,"sceneViewState":{"showFog":true,"showMaterialUpdate":true,"showSkybox":true,"showFlares":true,"showImageEffects":true,"showParticleSystems":true},"in2DMode":false,"pivot":{"x":-3.9703731536865236,"y":-12.866754531860352,"z":4.029023170471191},"rotation":{"x":0.30848774313926699,"y":0.4496167302131653,"z":-0.1689273864030838,"w":0.8210657238960266},"size":42.581932067871097,"orthographic":false}