{"cameraMode":{"drawMode":0,"name":"Shaded","section":"Shading Mode"},"sceneLighting":true,"audioPlay":false,"sceneViewState":{"showFog":true,"showMaterialUpdate":true,"showSkybox":true,"showFlares":true,"showImageEffects":true,"showParticleSystems":true},"in2DMode":false,"pivot":{"x":0.32765859365463259,"y":0.041266798973083499,"z":-0.32736682891845705},"rotation":{"x":-0.007809349335730076,"y":0.0005973390652798116,"z":-0.0000100906700026826,"w":-0.9999855756759644},"size":9.261439323425293,"orthographic":false}